{
    "controlPoints": [
        {
            "x": 1.399999976158142,
            "y": -0.20000000298023224,
            "z": 3.9000000953674316
        },
        {
            "x": 0.0,
            "y": 2.799999952316284,
            "z": 14.199999809265137
        },
        {
            "x": 5.099999904632568,
            "y": 1.7000000476837158,
            "z": 28.600000381469727
        }
    ],
    "fov": 45.0,
    "initialRotate": {
        "x": 0.0,
        "y": 0.0,
        "z": 0.0
    },
    "rotate": {
        "x": 13.720000267028809,
        "y": 13.132000923156738,
        "z": 19.600000381469727
    },
    "rotationHistory": [
        {
            "speed": {
                "x": 0.699999988079071,
                "y": 1.0,
                "z": 1.0
            },
            "time": 2.2999985218048096
        },
        {
            "speed": {
                "x": 0.699999988079071,
                "y": 0.6700000166893005,
                "z": 1.0
            },
            "time": 6.466696262359619
        }
    ],
    "totalDuration": 19.600000381469727
}