{
    "controlPoints": [
        {
            "x": 1.399999976158142,
            "y": -0.20000000298023224,
            "z": 3.9000000953674316
        },
        {
            "x": 0.0,
            "y": 2.799999952316284,
            "z": 14.199999809265137
        },
        {
            "x": 5.099999904632568,
            "y": 1.7000000476837158,
            "z": 28.600000381469727
        }
    ],
    "fov": 45.0,
    "rotate": {
        "x": 1.0,
        "y": 1.0,
        "z": 1.0
    },
    "rotationHistory": [],
    "totalDuration": 5.0
}