{
    "controlPoints": [
        {
            "x": 0.0,
            "y": 1.0,
            "z": 5.0
        },
        {
            "x": -26.0,
            "y": 17.399999618530273,
            "z": 59.20000076293945
        },
        {
            "x": 0.0,
            "y": -17.799999237060547,
            "z": 87.9000015258789
        }
    ],
    "fov": 45.0,
    "rotate": {
        "x": -0.0,
        "y": 0.0,
        "z": 0.0
    },
    "totalDuration": 19.0
}