{
    "Statas": [
        {
            "attack": 25,
            "chargeAttack": 50,
            "chargeSize": 20,
            "chargeTime": 40,
            "haste": 10,
            "hommingAccuracy": 0.019999999552965164,
            "hp": 88,
            "renge": 200.0,
            "speed": 0.20000000298023224,
            "cost": 0
        },
        {
            "attack": 8,
            "chargeAttack": 30,
            "chargeSize": 20,
            "chargeTime": 12,
            "haste": 3,
            "hommingAccuracy": 0.009999999776482582,
            "hp": 20,
            "renge": 150.0,
            "speed": 0.3499999940395355,
            "cost": 0
        },
        {
            "attack": 200,
            "chargeAttack": 50,
            "chargeSize": 60,
            "chargeTime": 90,
            "haste": 60,
            "hommingAccuracy": 0.014999999664723873,
            "hp": 144,
            "renge": 175.0,
            "speed": 0.30000001192092896,
            "cost": 0
        },
        {
            "attack": 20,
            "chargeAttack": 200,
            "chargeSize": 20,
            "chargeTime": 120,
            "haste": 20,
            "hommingAccuracy": 0.0,
            "hp": 80,
            "renge": 250.0,
            "speed": 0.15000000596046448,
            "cost": 0
        }
    ]
}