{
    "Statas": [
        {
            "attack": 30,
            "chargeAttack": 200,
            "chargeSize": 20,
            "chargeTime": 40,
            "cost": 0,
            "haste": 10,
            "hommingAccuracy": 0.014999999664723873,
            "hp": 110,
            "renge": 200.0,
            "speed": 0.25
        },
        {
            "attack": 9,
            "chargeAttack": 18,
            "chargeSize": 20,
            "chargeTime": 12,
            "cost": 0,
            "haste": 3,
            "hommingAccuracy": 0.019999999552965164,
            "hp": 75,
            "renge": 150.0,
            "speed": 0.3499999940395355
        },
        {
            "attack": 150,
            "chargeAttack": 200,
            "chargeSize": 60,
            "chargeTime": 90,
            "cost": 0,
            "haste": 60,
            "hommingAccuracy": 0.00989999994635582,
            "hp": 150,
            "renge": 175.0,
            "speed": 0.30000001192092896
        },
        {
            "attack": 20,
            "chargeAttack": 400,
            "chargeSize": 20,
            "chargeTime": 100,
            "cost": 0,
            "haste": 20,
            "hommingAccuracy": 0.0,
            "hp": 100,
            "renge": 250.0,
            "speed": 0.20000000298023224
        }
    ]
}