{
    "Statas": [
        {
            "attack": 25,
            "chargeTime": 40,
            "haste": 10,
            "hommingAccuracy": 0.009999999776482582,
            "hp": 100,
            "renge": 120.0,
            "speed": 0.20000000298023224
        },
        {
            "attack": 7,
            "chargeTime": 5,
            "haste": 3,
            "hommingAccuracy": 0.014999999664723873,
            "hp": 30,
            "renge": 100.0,
            "speed": 0.4000000059604645
        },
        {
            "attack": 180,
            "chargeTime": 70,
            "haste": 60,
            "hommingAccuracy": 0.007499999832361937,
            "hp": 150,
            "renge": 80.0,
            "speed": 0.30000001192092896
        },
        {
            "attack": 20,
            "chargeTime": 150,
            "haste": 20,
            "hommingAccuracy": 0.0,
            "hp": 80,
            "renge": 250.0,
            "speed": 0.11999999731779099
        }
    ]
}