{
    "Statas": [
        {
            "attack": 20,
            "chargeTime": 40,
            "haste": 9,
            "hommingAccuracy": 0.009999999776482582,
            "hp": 91,
            "renge": 140.8000030517578,
            "speed": 0.20000000298023224
        },
        {
            "attack": 6,
            "chargeTime": 5,
            "haste": 3,
            "hommingAccuracy": 0.05000000074505806,
            "hp": 30,
            "renge": 150.0,
            "speed": 0.4000000059604645
        },
        {
            "attack": 200,
            "chargeTime": 70,
            "haste": 60,
            "hommingAccuracy": 0.10000000149011612,
            "hp": 150,
            "renge": 70.0,
            "speed": 0.30000001192092896
        },
        {
            "attack": 20,
            "chargeTime": 150,
            "haste": 20,
            "hommingAccuracy": 0.0,
            "hp": 80,
            "renge": 500.0,
            "speed": 0.10000000149011612
        }
    ]
}