{
    "Statas": [
        {
            "attack": 25,
            "chargeAttack": 130,
            "chargeSize": 20,
            "chargeTime": 40,
            "cost": 0,
            "haste": 10,
            "hommingAccuracy": 0.014999999664723873,
            "hp": 100,
            "renge": 200.0,
            "speed": 0.20000000298023224
        },
        {
            "attack": 8,
            "chargeAttack": 16,
            "chargeSize": 20,
            "chargeTime": 12,
            "cost": 0,
            "haste": 3,
            "hommingAccuracy": 0.009999999776482582,
            "hp": 50,
            "renge": 150.0,
            "speed": 0.3499999940395355
        },
        {
            "attack": 150,
            "chargeAttack": 200,
            "chargeSize": 60,
            "chargeTime": 90,
            "cost": 0,
            "haste": 60,
            "hommingAccuracy": 0.00989999994635582,
            "hp": 150,
            "renge": 175.0,
            "speed": 0.30000001192092896
        },
        {
            "attack": 20,
            "chargeAttack": 300,
            "chargeSize": 20,
            "chargeTime": 120,
            "cost": 0,
            "haste": 20,
            "hommingAccuracy": 0.0,
            "hp": 100,
            "renge": 250.0,
            "speed": 0.15000000596046448
        }
    ]
}